genus,sequences,species,accuracy
Bangana,19,2,0.421
Lagocephalus,6,1,0.5
Opsarius,26,2,0.538
Cabdio,9,1,0.556
Acanthocobitis,14,1,0.643
Sphyraena,9,2,0.667
Awaous,27,2,0.704
Planiliza,41,3,0.707
Mesonoemacheilus,7,1,0.714
Anabas,21,2,0.714
Megalaspis,11,1,0.727
Silonia,11,2,0.727
Schizothorax,75,5,0.733
Pseudapocryptes,4,1,0.75
Anodontostoma,4,1,0.75
Crenimugil,4,1,0.75
Oreochromis,67,2,0.761
Hemiramphus,26,4,0.769
Devario,71,3,0.775
Lutjanus,63,12,0.778
Nemacheilus,23,2,0.783
Rasbora,43,2,0.791
Securicula,5,1,0.8
Takifugu,5,1,0.8
Equulites,5,1,0.8
Clupisoma,26,2,0.808
Escualosa,21,1,0.81
Ctenopharyngodon,17,1,0.824
Paracanthocobitis,18,2,0.833
Exyrias,6,1,0.833
Sorsogona,6,1,0.833
Barilius,70,5,0.843
Oligolepis,13,1,0.846
Salmostoma,87,4,0.851
Hypophthalmichthys,28,2,0.857
Photopectoralis,7,1,0.857
Arius,14,2,0.857
Nibea,7,1,0.857
Epinephelus,35,6,0.857
Thryssa,144,13,0.861
Macrognathus,51,3,0.863
Sperata,88,4,0.864
Notopterus,59,2,0.864
Nemipterus,23,4,0.87
Siganus,16,3,0.875
Hyporhamphus,8,1,0.875
Rhabdosargus,8,1,0.875
Saurida,32,4,0.875
Lates,8,1,0.875
Tor,129,4,0.876
Mystus,212,7,0.877
Cirrhinus,100,2,0.88
Cynoglossus,26,3,0.885
Cyprinus,35,1,0.886
Leiognathus,9,1,0.889
Trypauchen,18,1,0.889
Tariqilabeo,38,2,0.895
Labeo,396,11,0.896
Dawkinsia,58,4,0.897
Neolissochilus,98,3,0.898
Puntius,217,11,0.899
Muraenesox,10,1,0.9
Upeneus,52,7,0.904
Lepidocephalichthys,64,2,0.906
Hypselobarbus,107,9,0.907
Pseudorhombus,11,2,0.909
Sillago,33,3,0.909
Eutropiichthys,11,1,0.909
Dussumieria,33,3,0.909
Stolephorus,34,4,0.912
Channa,232,15,0.922
Haludaria,13,1,0.923
Psammogobius,14,1,0.929
Gudusia,14,1,0.929
Ompok,99,4,0.929
Parapsilorhynchus,15,2,0.933
Scomberoides,17,3,0.941
Glyptothorax,35,5,0.943
Parupeneus,18,3,0.944
Clarias,56,2,0.946
Halichoeres,20,4,0.95
Etroplus,20,1,0.95
Pethia,80,5,0.95
Garra,150,7,0.953
Mugil,69,1,0.957
Glossogobius,71,1,0.958
Nematalosa,29,1,0.966
Terapon,31,2,0.968
Osteobrama,70,2,0.971
Gerres,39,5,0.974
Priacanthus,39,2,0.974
Heteropneustes,41,1,0.976
Scomberomorus,53,3,0.981
Schistura,54,7,0.981
Wallago,96,1,0.99
Valenciennea,4,1,1.0
Uroconger,19,1,1.0
Tylosurus,8,1,1.0
Trichogaster,5,1,1.0
Trichiurus,60,1,1.0
Triacanthus,11,1,1.0
Trachinotus,10,2,1.0
Trachinocephalus,4,1,1.0
Thalassoma,4,1,1.0
Tetraroge,5,1,1.0
Tenualosa,13,1,1.0
Anguilla,9,1,1.0
Amphiprion,12,2,1.0
Amblypharyngodon,30,1,1.0
Amblyceps,27,2,1.0
Ambassis,54,2,1.0
Alepes,19,2,1.0
Ailia,21,1,1.0
Aenigmachanna,4,1,1.0
Acropoma,4,1,1.0
Acanthurus,14,3,1.0
Acanthopagrus,10,1,1.0
Acanthocepola,6,1,1.0
Abudefduf,6,1,1.0
Horaglanis,18,1,1.0
Horadandia,6,1,1.0
Hippocampus,13,1,1.0
Hilsa,11,1,1.0
Heniochus,4,1,1.0
Hemibagrus,4,1,1.0
Harpadon,4,1,1.0
Gymnocaesio,4,1,1.0
Laubuka,16,1,1.0
Kathala,4,1,1.0
Karalla,10,2,1.0
Johnius,21,4,1.0
Istiblennius,7,1,1.0
Iniistius,6,1,1.0
Indoreonectes,11,1,1.0
Hypostomus,4,1,1.0
Gazza,5,1,1.0
Gavialiceps,5,1,1.0
Gagata,17,2,1.0
Ferdauia,4,1,1.0
Favonigobius,6,1,1.0
Exostoma,5,1,1.0
Esomus,22,1,1.0
Encrasicholina,15,2,1.0
Elops,5,1,1.0
Nandus,31,1,1.0
Myripristis,8,1,1.0
Mulloidichthys,4,1,1.0
Monodactylus,6,1,1.0
Minous,7,1,1.0
Megalops,9,1,1.0
Mastacembelus,51,1,1.0
Lethrinus,4,1,1.0
Lepidocephalus,6,1,1.0
Eleutheronema,6,1,1.0
Eleotris,11,1,1.0
Ehirava,5,1,1.0
Diagramma,7,1,1.0
Deveximentum,16,2,1.0
Dendrophysa,7,1,1.0
Decapterus,6,1,1.0
Daysciaena,7,1,1.0
Dayella,5,1,1.0
Danio,26,1,1.0
Dagetichthys,5,1,1.0
Cyprinion,9,1,1.0
Oncorhynchus,19,1,1.0
Omobranchus,7,1,1.0
Olyra,10,1,1.0
Odonus,8,1,1.0
Nuchequula,10,1,1.0
Neoepinnula,4,1,1.0
Nemachilichthys,6,1,1.0
Naziritor,44,1,1.0
Parapocryptes,4,1,1.0
Parambassis,15,1,1.0
Pangio,6,1,1.0
Pangasianodon,8,1,1.0
Pampus,22,2,1.0
Pama,7,1,1.0
Pachypterus,23,1,1.0
Oxyurichthys,19,2,1.0
Otolithes,14,2,1.0
Osteomugil,24,1,1.0
Ophichthys,14,3,1.0
Ophichthus,4,1,1.0
Coryphaena,7,1,1.0
Colletteichthys,4,1,1.0
Cirrhimuraena,5,1,1.0
Chromis,13,1,1.0
Chitala,16,1,1.0
Chelonodontops,7,1,1.0
Chela,9,1,1.0
Cheilinus,8,2,1.0
Chanos,18,1,1.0
Poecilia,6,1,1.0
Plotosus,5,1,1.0
Plesiopuntius,30,1,1.0
Platycephalus,10,1,1.0
Piaractus,5,1,1.0
Periophthalmus,4,1,1.0
Periophthalmodon,6,1,1.0
Pempheris,6,1,1.0
Pelates,6,1,1.0
Parexocoetus,4,1,1.0
Parastromateus,11,1,1.0
Pseudolaguvia,5,1,1.0
Pseudogobius,10,1,1.0
Pseudetroplus,9,1,1.0
Pseudecheneis,4,1,1.0
Pseudambassis,38,2,1.0
Psettodes,8,1,1.0
Psenopsis,5,1,1.0
Psenes,4,1,1.0
Protonibea,5,1,1.0
Promethichthys,6,1,1.0
Pristolepis,7,1,1.0
Pomadasys,4,1,1.0
Polymixia,5,1,1.0
Salmo,14,1,1.0
Rohtee,4,1,1.0
Rita,45,4,1.0
Rhynchorhamphus,15,1,1.0
Rhinomugil,17,1,1.0
Rastrelliger,10,1,1.0
Pycnocraspedum,5,1,1.0
Puntigrus,4,1,1.0
Pterygoplichthys,7,1,1.0
Pterois,4,1,1.0
Pterocryptis,6,1,1.0
Psilorhynchus,18,3,1.0
Chanda,49,1,1.0
Chagunius,14,1,1.0
Cephalopholis,9,2,1.0
Carinotetraodon,6,1,1.0
Caranx,21,3,1.0
Carangoides,8,1,1.0
Canthophrys,9,1,1.0
Caesio,5,1,1.0
Butis,23,2,1.0
Bregmaceros,4,1,1.0
Brachirus,10,1,1.0
Botia,26,3,1.0
Boleophthalmus,20,1,1.0
Bhavania,24,1,1.0
Bathygobius,18,2,1.0
Sicyopterus,6,1,1.0
Selaroides,5,1,1.0
Selar,7,1,1.0
Scolopsis,7,1,1.0
Scatophagus,8,1,1.0
Sauromuraenesox,4,1,1.0
Sargocentron,9,1,1.0
Sardinella,19,2,1.0
Systomus,66,1,1.0
Strophidon,62,4,1.0
Strongylura,13,2,1.0
Stigmatogobius,4,1,1.0
Stethojulis,6,1,1.0
Stenogobius,5,1,1.0
Solea,5,1,1.0
Sillaginopodys,7,1,1.0
Barbodes,10,1,1.0
Balitora,10,2,1.0
Balantiocheilos,12,1,1.0
Bagarius,18,1,1.0
Badis,30,1,1.0
Atule,6,1,1.0
Atropus,4,1,1.0
Atrobucca,10,1,1.0
Ariosoma,11,2,1.0
Arcygobius,6,1,1.0
Aplocheilus,31,4,1.0
Xenentodon,33,1,1.0
Yongeichthys,6,1,1.0
Aborichthys,6,1,1.0
